Bangalore,Chennai,Mumbai,Delhi
EcoSport,Scorpio,Scorpio,Swift
KWID,Baleno,EcoSport,Brezza
EcoSport,Zen,Baleno,Swift
Zen,Baleno,KWID,Zen
KWID,EcoSport,Zen,Zen
Scorpio,Baleno,Brezza,KWID
Scorpio,Brezza,KWID,Zen
Swift,Baleno,Zen,Brezza
Brezza,Zen,Brezza,Zen
Zen,EcoSport,Baleno,Brezza
Baleno,Zen,KWID,Brezza
EcoSport,Zen,Scorpio,Zen
Baleno,Swift,Scorpio,EcoSport
Baleno,Swift,Zen,KWID
Zen,Zen,Baleno,KWID
Zen,Swift,KWID,Baleno
EcoSport,Swift,KWID,KWID
Baleno,Swift,KWID,Scorpio
Zen,Swift,Scorpio,Zen
EcoSport,Baleno,KWID,Zen
KWID,Scorpio,Brezza,Brezza
KWID,Swift,Zen,Brezza
Scorpio,Scorpio,KWID,KWID
Scorpio,Scorpio,KWID,Baleno
Brezza,Scorpio,Brezza,KWID
Scorpio,Swift,Baleno,Swift
Baleno,Scorpio,Zen,Zen
Swift,Zen,Scorpio,KWID
Zen,Zen,Baleno,Baleno
Brezza,Zen,KWID,Zen
Zen,Swift,Scorpio,Baleno
Scorpio,Brezza,Zen,Scorpio
Zen,Zen,KWID,Scorpio
KWID,Zen,Brezza,Scorpio
EcoSport,Zen,KWID,EcoSport
KWID,EcoSport,KWID,Scorpio
Zen,EcoSport,KWID,Baleno
Scorpio,Brezza,EcoSport,Brezza
Baleno,Brezza,Scorpio,Baleno
Baleno,Brezza,Zen,Zen
Scorpio,EcoSport,EcoSport,EcoSport
Baleno,Brezza,Zen,Zen
Brezza,Scorpio,Zen,Zen
Brezza,Scorpio,Scorpio,Zen
Baleno,Scorpio,Zen,Scorpio
Zen,Baleno,KWID,KWID
EcoSport,Brezza,KWID,Zen
Swift,EcoSport,KWID,EcoSport
EcoSport,Baleno,KWID,Swift
Scorpio,Swift,EcoSport,Brezza
